{
  "initialization_time_control": 0.1068582534790039,
  "execution_time_control": 194.03886127471924,
  "total_time": 194.14571952819824
}