{
  "initialization_time_control": 0.10435652732849121,
  "execution_time_control": 111.99311518669128,
  "total_time": 112.09747171401978
}