{
  "initialization_time_control": 0.11556100845336914,
  "execution_time_control": 580.6185760498047,
  "total_time": 580.734137058258
}