{
  "initialization_time_control": 0.10036993026733398,
  "execution_time_control": 152.35835003852844,
  "total_time": 152.45871996879578
}