{
  "initialization_time_control": 0.14209580421447754,
  "execution_time_control": 54.82478880882263,
  "total_time": 54.96688461303711
}