{
  "initialization_time_control": 0.11696672439575195,
  "execution_time_control": 179.5831024646759,
  "total_time": 179.70006918907166
}