{
    "pm_map_z1p5": {
        "tau_c": null,
        "ballistic_fraction": 0.0,
        "H_final": 1.0102441310882568,
        "expected_H": 0.5
    },
    "pm_map_z2p0": {
        "tau_c": 4246.0,
        "ballistic_fraction": 0.0,
        "H_final": 0.8900458216667175,
        "expected_H": 1.0
    },
    "pm_map_z2p5": {
        "tau_c": null,
        "ballistic_fraction": 0.0,
        "H_final": 0.9076040983200073,
        "expected_H": 1.0
    },
    "ctrw_normal_wait_gaussian_jump": {
        "tau_c": 8.016032218933105,
        "ballistic_fraction": 0.0,
        "H_final": 0.6874228119850159,
        "expected_H": 0.5
    },
    "ctrw_subdiff_wait_gaussian_jump": {
        "tau_c": 32.06412887573242,
        "ballistic_fraction": 0.0,
        "H_final": 0.10361600667238235,
        "expected_H": 0.35
    },
    "ctrw_normal_wait_levy_jump": {
        "tau_c": 28.05611228942871,
        "ballistic_fraction": 0.0,
        "H_final": 0.4644034206867218,
        "expected_H": 0.6666666666666666
    },
    "ctrw_subdiff_wait_levy_jump": {
        "tau_c": 28.05611228942871,
        "ballistic_fraction": 0.0,
        "H_final": 0.4225716292858124,
        "expected_H": 0.4666666666666666
    },
    "levy_lorentz_alpha0p5": {
        "tau_c": 681.3627319335938,
        "ballistic_fraction": 0.264,
        "H_final": 1.3593964576721191,
        "expected_H": 1.0
    },
    "levy_lorentz_alpha1p0": {
        "tau_c": 132.2645263671875,
        "ballistic_fraction": 0.0282,
        "H_final": 1.075982689857483,
        "expected_H": 1.0
    },
    "levy_lorentz_alpha1p5": {
        "tau_c": 12.0240478515625,
        "ballistic_fraction": 0.0,
        "H_final": 0.6752370595932007,
        "expected_H": 0.6666666666666666
    },
    "levy_lorentz_alpha2p0": {
        "tau_c": null,
        "ballistic_fraction": 0.0,
        "H_final": 0.7226304411888123,
        "expected_H": 0.5
    },
    "sisyphus_strong_cooling": {
        "tau_c": null,
        "ballistic_fraction": 0.0,
        "H_final": 0.3352709710597992,
        "expected_H": null
    },
    "sisyphus_moderate_cooling": {
        "tau_c": 31.400000000000002,
        "ballistic_fraction": 0.0,
        "H_final": 0.42809563875198364,
        "expected_H": null
    },
    "sisyphus_weak_cooling": {
        "tau_c": 360.20000000000005,
        "ballistic_fraction": 0.0,
        "H_final": 1.4999685287475586,
        "expected_H": null
    },
    "levy_stable_alpha0p5": {
        "tau_c": 130.0,
        "ballistic_fraction": 0.0,
        "H_final": 0.5342352390289307,
        "expected_H": 2.0
    },
    "levy_stable_alpha1p0": {
        "tau_c": null,
        "ballistic_fraction": 0.0,
        "H_final": -0.027208205312490463,
        "expected_H": 1.0
    },
    "levy_stable_alpha1p5": {
        "tau_c": null,
        "ballistic_fraction": 0.0,
        "H_final": 0.7835292220115662,
        "expected_H": 0.6666666666666666
    },
    "levy_stable_alpha2p0": {
        "tau_c": null,
        "ballistic_fraction": 0.0,
        "H_final": 0.8040907979011536,
        "expected_H": 0.5
    }
}