{
    "preprocessed_pm_map_z1p5.npy": {
        "alpha": 2.0,
        "times": [
            450.0,
            1125.0,
            2250.0,
            4500.0
        ],
        "kl_divergence": [
            1.1162556374722559,
            1.8091547632742013,
            3.4079733118619018,
            9.326494755305065
        ]
    },
    "preprocessed_pm_map_z2p0.npy": {
        "alpha": 1.0,
        "times": [
            450.0,
            1125.0,
            2250.0,
            4500.0
        ],
        "kl_divergence": [
            3.8609756621640674,
            3.769076854720306,
            3.875032558810791,
            3.86604517234398
        ]
    },
    "preprocessed_pm_map_z2p5.npy": {
        "alpha": 0.67,
        "times": [
            450.0,
            1125.0,
            2250.0,
            4500.0
        ],
        "kl_divergence": [
            3.523390983228297,
            2.854940999878496,
            2.33150104290966,
            1.8993805548980567
        ]
    },
    "preprocessed_ctrw_normal_wait_gaussian_jump.npy": {
        "alpha": 2.0,
        "times": [
            100.20040130615234,
            250.50100708007812,
            501.00201416015625,
            1000.0
        ],
        "kl_divergence": [
            0.22931373981165876,
            0.21170785166323564,
            0.2631177000912523,
            0.31489013553828027
        ]
    },
    "preprocessed_ctrw_subdiff_wait_gaussian_jump.npy": {
        "alpha": 2.0,
        "times": [
            100.20040130615234,
            250.50100708007812,
            501.00201416015625,
            1000.0
        ],
        "kl_divergence": [
            0.6938974686817125,
            0.7999881106882856,
            1.010917839220935,
            1.1831941224959948
        ]
    },
    "preprocessed_ctrw_normal_wait_levy_jump.npy": {
        "alpha": 1.5,
        "times": [
            100.20040130615234,
            250.50100708007812,
            501.00201416015625,
            1000.0
        ],
        "kl_divergence": [
            0.14620293170844686,
            0.1965762004765459,
            0.29541294230243187,
            0.21337357779989327
        ]
    },
    "preprocessed_ctrw_subdiff_wait_levy_jump.npy": {
        "alpha": 1.5,
        "times": [
            100.20040130615234,
            250.50100708007812,
            501.00201416015625,
            1000.0
        ],
        "kl_divergence": [
            0.9143156008079246,
            0.9248191842560589,
            0.9270889001052061,
            1.0565935530703556
        ]
    },
    "preprocessed_levy_lorentz_alpha0p5.npy": {
        "alpha": 0.5,
        "times": [
            200.4008026123047,
            501.00201416015625,
            1002.0040283203125,
            2000.0
        ],
        "kl_divergence": [
            2.692076483515925,
            2.366788319510908,
            2.0961033918016883,
            1.841475311617649
        ]
    },
    "preprocessed_levy_lorentz_alpha1p0.npy": {
        "alpha": 1.0,
        "times": [
            200.4008026123047,
            501.00201416015625,
            1002.0040283203125,
            2000.0
        ],
        "kl_divergence": [
            1.1468578754061247,
            0.8684137698202902,
            0.9242863411013647,
            0.832942777616144
        ]
    },
    "preprocessed_levy_lorentz_alpha1p5.npy": {
        "alpha": 1.5,
        "times": [
            200.4008026123047,
            501.00201416015625,
            1002.0040283203125,
            2000.0
        ],
        "kl_divergence": [
            0.08685846120313073,
            0.011143664507174168,
            0.05444531729986426,
            0.031132610496182718
        ]
    },
    "preprocessed_levy_lorentz_alpha2p0.npy": {
        "alpha": 2.0,
        "times": [
            200.4008026123047,
            501.00201416015625,
            1002.0040283203125,
            2000.0
        ],
        "kl_divergence": [
            0.9430741344050201,
            1.5239484207828622,
            2.129878367424744,
            2.281732853214847
        ]
    },
    "preprocessed_sisyphus_strong_cooling.npy": {
        "alpha": 2.0,
        "times": [
            50.0,
            125.0,
            250.0,
            500.0
        ],
        "kl_divergence": [
            0.7016805698271903,
            0.7339927625306266,
            0.8275629587476816,
            0.8517574883220422
        ]
    },
    "preprocessed_sisyphus_moderate_cooling.npy": {
        "alpha": 1.5,
        "times": [
            50.0,
            125.0,
            250.0,
            500.0
        ],
        "kl_divergence": [
            1.003623173555292,
            2.3642196963789623,
            3.3164368464092617,
            3.104260952368209
        ]
    },
    "preprocessed_sisyphus_weak_cooling.npy": {
        "alpha": 1.0,
        "times": [
            50.0,
            125.0,
            250.0,
            500.0
        ],
        "kl_divergence": [
            0.11995765070778146,
            0.8038582035331108,
            3.9227505417550534,
            8.934236411444859
        ]
    }
}