{
    "sisyphus_strong_cooling.npy": {
        "gamma0": 5.0,
        "alpha_mle": 3.4544284279479562,
        "cv_b_x": 0.012711593177465409,
        "p_bins": [
            -0.8025206977568299,
            -0.526167351697457,
            -0.4251780117276788,
            -0.3584820779129113,
            -0.3068098626164356,
            -0.264281153330915,
            -0.22741985812358412,
            -0.1945234666510021,
            -0.16437418065757373,
            -0.13608850462661284,
            -0.10956316308303689,
            -0.0841287839123266,
            -0.05952690874541307,
            -0.03542043374609426,
            -0.011502406340767839,
            0.01214195398167447,
            0.03596685580881355,
            0.06004249289938508,
            0.08445543606859049,
            0.10972686076604737,
            0.13634741916711715,
            0.16459855776307575,
            0.19493822870291658,
            0.22811704585266335,
            0.2650100930202479,
            0.30782636334638275,
            0.3595255088340966,
            0.42679287494020396,
            0.5273521735925596,
            0.8039951123988239
        ],
        "A_p": [
            0.4097238325450693,
            0.32063158677616815,
            0.27425740682066896,
            0.23410221407606685,
            0.21198512722849955,
            0.18123444671341282,
            0.15845110730237297,
            0.1389336199243483,
            0.11870751525915867,
            0.09070753314988211,
            0.08621180765630046,
            0.059709386812528596,
            0.04285352797787245,
            0.026515293812809943,
            -7.303043579083164e-07,
            -0.008895911506374364,
            -0.029152103588495445,
            -0.04699576507943372,
            -0.060415658883459566,
            -0.06802624865829408,
            -0.10020562881883512,
            -0.11754545543119087,
            -0.13244970742291448,
            -0.16510055458304604,
            -0.1808365826257826,
            -0.2087575250680002,
            -0.22375302016628798,
            -0.2800925789213832,
            -0.3231114322381715,
            -0.41027842969060296
        ],
        "B_p": [
            0.19258267838398363,
            0.15335384295972296,
            0.13913408057056084,
            0.13091270118202122,
            0.1252173443257673,
            0.12048700713986936,
            0.11734463067131914,
            0.11445766058559505,
            0.1134910709863101,
            0.11279357091095144,
            0.11043771539606002,
            0.108685266854739,
            0.10736129308072127,
            0.10868761915221033,
            0.10740644002261181,
            0.10718458550069608,
            0.10746164820031325,
            0.10826481134559358,
            0.10779359802181918,
            0.1110700257394908,
            0.11046418438798664,
            0.11310580542398675,
            0.11586718159375406,
            0.11854826417095253,
            0.12011566686998919,
            0.12563629119137049,
            0.13046109068566794,
            0.1396320832634045,
            0.15438404046671228,
            0.19271627932173283
        ],
        "x_bins": [
            -12.205795288085938,
            -8.221596717834473,
            -6.791879653930664,
            -5.761086940765381,
            -4.995380878448486,
            -4.325739860534668,
            -3.7070116996765137,
            -3.157095193862915,
            -2.668689012527466,
            -2.234454870223999,
            -1.8243882656097412,
            -1.4208450317382812,
            -1.028639316558838,
            -0.6579256653785706,
            -0.3010660707950592,
            0.04276685416698456,
            0.3913663625717163,
            0.7822623252868652,
            1.2102527618408203,
            1.6619315147399902,
            2.1452994346618652,
            2.636728048324585,
            3.1471519470214844,
            3.6953125,
            4.324791431427002,
            5.084193706512451,
            6.01735782623291,
            7.266157150268555,
            9.050450325012207,
            12.170111656188965
        ],
        "A_x": [
            0.04543699373354067,
            0.03964056839814057,
            0.034413707721698744,
            0.03288679094285936,
            0.008580119760186822,
            0.025104733916732284,
            0.01042358467170784,
            0.03167790836758083,
            0.03445686914541342,
            0.0017454883357784052,
            0.010921390314359921,
            0.0001182214204255524,
            0.01267582290523403,
            0.022668143033802334,
            0.017753971578866566,
            -0.002799809159684437,
            -0.042969300791665964,
            -0.002044473082811625,
            -0.0200530496875087,
            -0.02249766918274017,
            -0.0012884618999721767,
            -0.008093667961097693,
            -0.016777955590783655,
            -0.028078364896344705,
            -0.03217846051350728,
            -0.0264580746670743,
            -0.02856082171649188,
            -0.02452637010866457,
            -0.02726240014886713,
            -0.04650836177058406
        ],
        "B_x": [
            0.12597828533652133,
            0.12327700384558403,
            0.12518897606310087,
            0.12425162487022923,
            0.1226579844071955,
            0.12358384603114947,
            0.1226492521185753,
            0.12385944950077474,
            0.12475601219673153,
            0.12174799399993125,
            0.12246174362670036,
            0.1235135116106977,
            0.12157066965249579,
            0.12319011838021937,
            0.12308783300263738,
            0.12231168581353176,
            0.12523918060078426,
            0.12511215734893916,
            0.12627293785961538,
            0.12682048177171587,
            0.12727367184513746,
            0.12526708622701588,
            0.12386459407785541,
            0.12435964036569834,
            0.12405727017097493,
            0.12533985207990186,
            0.12417565287938848,
            0.12638131129501812,
            0.125728135168965,
            0.12108051625882772
        ]
    },
    "sisyphus_moderate_cooling.npy": {
        "gamma0": 1.0,
        "alpha_mle": 1.7912577417656086,
        "cv_b_x": 0.019011580271338056,
        "p_bins": [
            -10.385763249660755,
            -4.604567123060828,
            -3.0297575322973116,
            -2.2385973966945043,
            -1.738762413114041,
            -1.395903700220334,
            -1.1378271250554748,
            -0.9309589954390898,
            -0.7600805648587219,
            -0.6137249842758651,
            -0.4858182989152389,
            -0.37136695540788117,
            -0.2666880714844621,
            -0.16777223510836609,
            -0.07181944711427497,
            0.023387812326754538,
            0.11842456809191351,
            0.21582636064968935,
            0.31780574649002946,
            0.4267372801061608,
            0.5467552271137747,
            0.6807576883116419,
            0.8354547041018769,
            1.0192511281490595,
            1.247053103258839,
            1.5379369634239526,
            1.9432528457906508,
            2.5933667397585003,
            3.806532068092186,
            8.58096709113651
        ],