{
    "preprocessed_sisyphus_strong_cooling.npy": {
        "times": [
            50.0,
            125.0,
            250.0,
            500.0
        ],
        "kurtosis": [
            2.818589687347412,
            3.0066730976104736,
            2.6757092475891113,
            2.8226351737976074
        ],
        "q_index": [
            0.7126549925687334,
            1.5787198334247718,
            0.7140530374164876,
            0.6323329189457965
        ]
    },
    "preprocessed_sisyphus_moderate_cooling.npy": {
        "times": [
            50.0,
            125.0,
            250.0,
            500.0
        ],
        "kurtosis": [
            17.645015716552734,
            17.270673751831055,
            17.367692947387695,
            13.29543399810791
        ],
        "q_index": [
            1.596430926573798,
            1.936022463514097,
            2.0838589386022375,
            1.881582220793312
        ]
    },
    "preprocessed_sisyphus_weak_cooling.npy": {
        "times": [
            50.0,
            125.0,
            250.0,
            500.0
        ],
        "kurtosis": [
            3.3157143592834473,
            3.1408708095550537,
            3.488976240158081,
            4.281308174133301
        ],
        "q_index": [
            1.7121964158065512,
            1.6637139793696654,
            2.056107085487356,
            2.2031439782298565
        ]
    }
}