{
  "initialization_time_control": 0.10364055633544922,
  "execution_time_control": 350.20390582084656,
  "total_time": 350.307546377182
}