{
  "initialization_time_control": 0.14501404762268066,
  "execution_time_control": 200.55791115760803,
  "total_time": 200.7029252052307
}