{
  "initialization_time_control": 0.10292339324951172,
  "execution_time_control": 230.7600564956665,
  "total_time": 230.86297988891602
}