{
  "initialization_time_control": 0.11757493019104004,
  "execution_time_control": 278.1429829597473,
  "total_time": 278.26055788993835
}