{
  "initialization_time_control": 0.14463520050048828,
  "execution_time_control": 186.7265009880066,
  "total_time": 186.87113618850708
}