{
  "initialization_time_control": 0.1414947509765625,
  "execution_time_control": 232.31684517860413,
  "total_time": 232.4583399295807
}