{
  "initialization_time_control": 0.10967803001403809,
  "execution_time_control": 479.98627257347107,
  "total_time": 480.0959506034851
}