{
  "initialization_time_control": 0.1011202335357666,
  "execution_time_control": 151.20659232139587,
  "total_time": 151.30771255493164
}