{
  "initialization_time_control": 0.14548873901367188,
  "execution_time_control": 115.943608045578,
  "total_time": 116.08909678459167
}