{
  "initialization_time_control": 0.10445117950439453,
  "execution_time_control": 150.1347029209137,
  "total_time": 150.2391541004181
}