{
  "initialization_time_control": 0.11185359954833984,
  "execution_time_control": 471.995320558548,
  "total_time": 472.1071741580963
}