{
  "initialization_time_control": 0.10227608680725098,
  "execution_time_control": 201.54594707489014,
  "total_time": 201.6482231616974
}