{
  "initialization_time_control": 0.10361576080322266,
  "execution_time_control": 153.30596566200256,
  "total_time": 153.4095814228058
}