{
  "initialization_time_control": 0.1391003131866455,
  "execution_time_control": 259.42053484916687,
  "total_time": 259.5596351623535
}