{
  "initialization_time_control": 0.10959029197692871,
  "execution_time_control": 92.59056377410889,
  "total_time": 92.70015406608582
}