{
  "initialization_time_control": 0.14299511909484863,
  "execution_time_control": 176.60766887664795,
  "total_time": 176.7506639957428
}