{
  "initialization_time_control": 0.1070866584777832,
  "execution_time_control": 127.73898386955261,
  "total_time": 127.8460705280304
}