{
    "preprocessed_pm_map_z1p5.npy": {
        "mean_A": 0.05064766723662615,
        "mean_B": 0.1722280651330948,
        "alpha": 1.7778448220917948,
        "beta": -0.9999928942049903,
        "loc": -0.048976615441532534,
        "scale": 0.28780656363762747
    },
    "preprocessed_pm_map_z2p0.npy": {
        "mean_A": 0.04637845405377448,
        "mean_B": 0.05360602571163327,
        "alpha": 0.40730080409357,
        "beta": 0.002793996385012202,
        "loc": -0.04376173288172594,
        "scale": 0.011131212111280119
    },
    "preprocessed_pm_map_z2p5.npy": {
        "mean_A": 0.03530410900712013,
        "mean_B": 0.016409977927105503,
        "alpha": 0.6083368430517975,
        "beta": 0.9692134020064065,
        "loc": -0.03761447231811536,
        "scale": 0.00519346494727719
    },
    "preprocessed_levy_lorentz_alpha0p5.npy": {
        "mean_A": -0.008142650872468949,
        "mean_B": 5.725590582191944,
        "alpha": 1.9999999790413376,
        "beta": 0.048520885601692446,
        "loc": -0.22053235528481246,
        "scale": 3.5109406066176163
    },
    "preprocessed_levy_lorentz_alpha1p0.npy": {
        "mean_A": -0.03843690492212772,
        "mean_B": 3.2677271008491515,
        "alpha": 1.9999999980226144,
        "beta": -0.00320340757067118,
        "loc": -0.20211155891682162,
        "scale": 3.2677490451378106
    },
    "preprocessed_levy_lorentz_alpha1p5.npy": {
        "mean_A": 0.019424896454438567,
        "mean_B": 2.533414351940155,
        "alpha": 1.9999999946844733,
        "beta": 0.0008993213582351002,
        "loc": -0.012326192245482093,
        "scale": 2.795161723412645
    },
    "preprocessed_levy_lorentz_alpha2p0.npy": {
        "mean_A": -0.0007166577503085137,
        "mean_B": 1.9906224489212037,
        "alpha": 1.9999999437918818,
        "beta": 0.023178389996977924,
        "loc": -0.10059948619024814,
        "scale": 2.3323867508341163
    },
    "preprocessed_sisyphus_strong_cooling.npy": {
        "mean_A": 0.0014531860419083388,
        "mean_B": 0.018338706251233815,
        "alpha": 1.9314706023740245,
        "beta": 0.0003361549904020011,
        "loc": 0.0013498279838372348,
        "scale": 0.030104789665188265
    },
    "preprocessed_sisyphus_moderate_cooling.npy": {
        "mean_A": -0.13862869888544083,
        "mean_B": 0.9234618499875069,
        "alpha": 1.1697286083406149,
        "beta": -0.11320140628282345,
        "loc": -0.0242050937816971,
        "scale": 0.09751676523902747
    },
    "preprocessed_sisyphus_weak_cooling.npy": {
        "mean_A": -1.6605528444051743,
        "mean_B": 8.141735255718231,
        "alpha": 1.3403570313004094,
        "beta": 0.0002524751571404974,
        "loc": 0.1813599981666577,
        "scale": 0.6645286267928237
    }
}