{
  "initialization_time_control": 0.14207100868225098,
  "execution_time_control": 157.02364206314087,
  "total_time": 157.16571307182312
}