{
  "initialization_time_control": 0.13849163055419922,
  "execution_time_control": 816.5189700126648,
  "total_time": 816.657461643219
}