{
  "initialization_time_control": 0.13835549354553223,
  "execution_time_control": 241.8434178829193,
  "total_time": 241.98177337646484
}