{
  "initialization_time_control": 0.13801193237304688,
  "execution_time_control": 333.42401242256165,
  "total_time": 333.5620243549347
}