{
  "initialization_time_control": 0.1074979305267334,
  "execution_time_control": 1146.4693343639374,
  "total_time": 1146.576832294464
}