{
  "initialization_time_control": 0.10678935050964355,
  "execution_time_control": 304.2573940753937,
  "total_time": 304.3641834259033
}