{
  "initialization_time_control": 0.14269089698791504,
  "execution_time_control": 68.86127066612244,
  "total_time": 69.00396156311035
}