{
  "initialization_time_planning": 0.23946690559387207,
  "execution_time_planning": 94.87546944618225,
  "total_time": 95.11493635177612
}