{
  "initialization_time_planning": 0.1553051471710205,
  "execution_time_planning": 118.16992115974426,
  "total_time": 118.32522630691528
}