{
    "PM_z1.5": {
        "name": "PM_z1.5",
        "alpha": 1.9999981592483604,
        "beta": -0.24537531167032742,
        "loc": 0.012678493876046769,
        "scale": 0.2949345082549991,
        "log_lik": -544290.3151044936,
        "norm_log_lik": -0.5442903151044937,
        "aic": 1088588.6302089873,
        "bic": 1088635.8922512191,
        "norm_aic": 1.0885886302089873,
        "norm_bic": 1.0886358922512192,
        "n_total": 1000000
    },
    "PM_z2.0": {
        "name": "PM_z2.0",
        "alpha": 0.39547459531018125,
        "beta": 0.6524726878516367,
        "loc": -6.428707779192221e-05,
        "scale": 0.008165701915305829,
        "log_lik": 1041124.1904169234,
        "norm_log_lik": 1.0411241904169233,
        "aic": -2082240.3808338467,
        "bic": -2082193.118791615,
        "norm_aic": -2.0822403808338468,
        "norm_bic": -2.082193118791615,
        "n_total": 1000000
    },
    "PM_z2.5": {
        "name": "PM_z2.5",
        "alpha": 0.5898166396262227,
        "beta": 0.8609365709739771,
        "loc": -0.0011578177749102898,
        "scale": 0.005249383834681405,
        "log_lik": 2146478.003534509,
        "norm_log_lik": 2.146478003534509,
        "aic": -4292948.007069018,
        "bic": -4292900.745026786,
        "norm_aic": -4.292948007069017,
        "norm_bic": -4.2929007450267855,
        "n_total": 1000000
    },
    "CTRW_norm_gauss": {
        "name": "CTRW_norm_gauss",
        "alpha": 0.2422669458265273,
        "beta": -0.005760705870852239,
        "loc": 1.878891891697505e-21,
        "scale": 1.4479198662463787e-19,
        "log_lik": 1293036.8887405382,
        "norm_log_lik": 12.956281450305994,
        "aic": -2586065.7774810763,
        "bic": -2586027.733787227,
        "norm_aic": -25.912482740291345,
        "norm_bic": -25.91210154095418,
        "n_total": 99800
    },
    "CTRW_sub_gauss": {
        "name": "CTRW_sub_gauss",
        "alpha": 1.0,
        "beta": 0.0,
        "loc": 2.67653925575062e-21,
        "scale": 5.760267756395987e-21,
        "log_lik": 3707520.132470712,
        "norm_log_lik": 37.149500325357835,
        "aic": -7415032.264941424,
        "bic": -7414994.221247575,
        "norm_aic": -74.29892049039503,
        "norm_bic": -74.29853929105786,
        "n_total": 99800
    },
    "CTRW_norm_levy": {
        "name": "CTRW_norm_levy",
        "alpha": 0.06441667692899096,
        "beta": 0.1538920411557992,
        "loc": 1.3107925861488353e-19,
        "scale": 0.09621763913592887,
        "log_lik": 1116572.3161979779,
        "norm_log_lik": 11.18809936070118,
        "aic": -2233136.6323959557,
        "bic": -2233098.5887021064,
        "norm_aic": -22.37611856108172,
        "norm_bic": -22.37573736174455,
        "n_total": 99800
    },
    "CTRW_sub_levy": {
        "name": "CTRW_sub_levy",
        "alpha": 1.0,
        "beta": 0.0,
        "loc": 3.898829061547426e-24,
        "scale": 4.7306098524358604e-24,
        "log_lik": 4233231.959597558,
        "norm_log_lik": 42.417153903783145,
        "aic": -8466455.919195116,
        "bic": -8466417.875501266,
        "norm_aic": -84.83422764724564,
        "norm_bic": -84.83384644790847,
        "n_total": 99800
    },
    "Lorentz_a0.5": {
        "name": "Lorentz_a0.5",
        "alpha": 2.0,
        "beta": 1.0,
        "loc": -3.4257946014404292,
        "scale": 4.201273248380585,
        "log_lik": -314781.25553724915,
        "norm_log_lik": -3.1541207969664242,
        "aic": 629570.5110744983,
        "bic": 629608.5547683475,
        "norm_aic": 6.30832175425349,
        "norm_bic": 6.3087029535906565,
        "n_total": 99800
    },
    "Lorentz_a1.0": {
        "name": "Lorentz_a1.0",
        "alpha": 1.9999999999999982,
        "beta": 0.9999999999999996,
        "loc": -0.8332338333129881,
        "scale": 4.20127124906336,
        "log_lik": -291048.60070863087,
        "norm_log_lik": -2.9163186443750586,
        "aic": 582105.2014172617,
        "bic": 582143.245111111,
        "norm_aic": 5.832717449070759,
        "norm_bic": 5.833098648407925,
        "n_total": 99800
    },
    "Lorentz_a1.5": {
        "name": "Lorentz_a1.5",
        "alpha": 2.0,
        "beta": 1.0,
        "loc": -0.19290542602539013,
        "scale": 4.16822853328297,
        "log_lik": -283583.4996715372,
        "norm_log_lik": -2.8415180327809337,
        "aic": 567174.9993430744,
        "bic": 567213.0430369236,
        "norm_aic": 5.683116225882509,
        "norm_bic": 5.6834974252196755,
        "n_total": 99800
    },
    "Lorentz_a2.0": {
        "name": "Lorentz_a2.0",
        "alpha": 2.0,
        "beta": 1.0,
        "loc": -0.21050643920898404,
        "scale": 2.7701204927712366,
        "log_lik": -253869.39728919882,
        "norm_log_lik": -2.543781535963916,
        "aic": 507746.79457839765,
        "bic": 507784.8382722468,
        "norm_aic": 5.087643232248474,
        "norm_bic": 5.088024431585639,
        "n_total": 99800
    },
    "Sisyphus_strong": {
        "name": "Sisyphus_strong",
        "alpha": 1.960934685443807,
        "beta": 0.21865147378533306,
        "loc": 0.0011896540144342084,
        "scale": 0.030135636598006648,
        "log_lik": 1737460.3656221367,
        "norm_log_lik": 1.7374603656221368,
        "aic": -3474912.7312442735,
        "bic": -3474865.4692020416,
        "norm_aic": -3.4749127312442734,
        "norm_bic": -3.4748654692020415,
        "n_total": 1000000
    },
    "Sisyphus_mod": {
        "name": "Sisyphus_mod",
        "alpha": 1.1698736357371362,
        "beta": -0.10473833321972212,
        "loc": -0.03283922848811768,
        "scale": 0.09584706536368261,
        "log_lik": 97618.19792255493,
        "norm_log_lik": 0.09761819792255493,
        "aic": -195228.39584510986,
        "bic": -195181.133802878,
        "norm_aic": -0.19522839584510987,
        "norm_bic": -0.195181133802878,
        "n_total": 1000000
    },
    "Sisyphus_weak": {
        "name": "Sisyphus_weak",
        "alpha": 1.6026396538024437,
        "beta": -0.15478054398607136,
        "loc": -0.048406753145860966,
        "scale": 0.7360438735346213,
        "log_lik": -1637159.272066114,
        "norm_log_lik": -1.6371592720661141,
        "aic": 3274326.544132228,
        "bic": 3274373.80617446,
        "norm_aic": 3.274326544132228,
        "norm_bic": 3.27437380617446,
        "n_total": 1000000
    },
    "Pure_a0.5": {
        "name": "Pure_a0.5",
        "alpha": 0.49338500656463125,
        "beta": -0.023010881799982945,
        "loc": -0.00514072252169603,
        "scale": 1.0349922865525183,
        "log_lik": -3613076.2367167454,
        "norm_log_lik": -3.6130762367167453,
        "aic": 7226160.473433491,
        "bic": 7226207.735475723,
        "norm_aic": 7.226160473433491,
        "norm_bic": 7.226207735475723,
        "n_total": 1000000
    },
    "Pure_a1.0": {
        "name": "Pure_a1.0",
        "alpha": 0.9985224901788681,
        "beta": -0.0633791171573524,
        "loc": 26.647595338961768,
        "scale": 0.9750859139493043,
        "log_lik": -2540594.198054534,
        "norm_log_lik": -2.540594198054534,
        "aic": 5081196.396109068,
        "bic": 5081243.6581513,
        "norm_aic": 5.081196396109068,
        "norm_bic": 5.081243658151299,
        "n_total": 1000000
    },
    "Pure_a1.5": {
        "name": "Pure_a1.5",
        "alpha": 1.5881494437818295,
        "beta": 0.0950124784441892,
        "loc": 0.02482863957645655,
        "scale": 1.0286791963300201,
        "log_lik": -2071971.8709857797,
        "norm_log_lik": -2.0719718709857795,
        "aic": 4143951.7419715594,
        "bic": 4143999.004013791,
        "norm_aic": 4.143951741971559,
        "norm_bic": 4.143999004013791,
        "n_total": 1000000
    },
    "Pure_a2.0": {
        "name": "Pure_a2.0",
        "alpha": 1.9891198184401637,
        "beta": -0.999524249377368,
        "loc": 0.017643115586807392,
        "scale": 0.7052386667692565,