{
    "1.5": {
        "tau_c": 10.0,
        "H_asymptotic": 0.4520398834696947
    },
    "2.0": {
        "tau_c": 10.0,
        "H_asymptotic": 0.591038592283329
    },
    "2.5": {
        "tau_c": 10.0,
        "H_asymptotic": 0.5565144756400988
    }
}