{
    "1.5": {
        "tau_c": 65.0,
        "H_asymptotic": 0.5100500305901368
    },
    "2.0": {
        "tau_c": 355.0,
        "H_asymptotic": 0.7719596421874012
    },
    "2.5": {
        "tau_c": 390.0,
        "H_asymptotic": 1.0079091353874636
    }
}