{
    "1.5": {
        "tau_c": 258.0,
        "H_asymptotic": 0.5043480694770961
    },
    "2.0": {
        "tau_c": 347.0,
        "H_asymptotic": 0.7770642405366691
    },
    "2.5": {
        "tau_c": 234.0,
        "H_asymptotic": 0.9880240776575753
    }
}