{
    "1.5": {
        "tau_c": 36.0,
        "H_asymptotic": 0.4811573939179037
    },
    "2.0": {
        "tau_c": 71.0,
        "H_asymptotic": 0.7196116278691859
    },
    "2.5": {
        "tau_c": 36.0,
        "H_asymptotic": 0.8383989610337217
    }
}