{
    "z_1.5": {
        "tau_c": 79,
        "H_asymptotic": 0.5148629548217238
    },
    "z_2.0": {
        "tau_c": 347,
        "H_asymptotic": 0.7955593878224059
    },
    "z_2.5": {
        "tau_c": 1026,
        "H_asymptotic": 1.0438422941614536
    }
}