{
    "Strong (gamma0=5.0)": {
        "gamma0": 5.0,
        "q": 1.1525152998525554,
        "theta": -0.016562361391490036,
        "D0": 0.008985740366252869
    },
    "Moderate (gamma0=1.0)": {
        "gamma0": 1.0,
        "q": 1.7816265096844266,
        "theta": -0.3265006574719486,
        "D0": 0.10018228670557104
    },
    "Weak (gamma0=0.2)": {
        "gamma0": 0.2,
        "q": 1.3647582704545276,
        "theta": -0.6074333107477923,
        "D0": 0.17098916857727878
    }
}