{
    "Strong (gamma0=5.0)": {
        "gamma0": 5.0,
        "q": 1.2259821618556355,
        "theta": -0.0035267665562998206,
        "D0": 0.009094114833076941
    },
    "Moderate (gamma0=1.0)": {
        "gamma0": 1.0,
        "q": 1.8527203584497305,
        "theta": -0.4346034119970406,
        "D0": 0.04974255397503404
    },
    "Weak (gamma0=0.2)": {
        "gamma0": 0.2,
        "q": 2.144242846678897,
        "theta": -0.60532824991903,
        "D0": 0.09795983336780555
    }
}