{
    "Strong (gamma0=5.0)": {
        "gamma0": 5.0,
        "q": 1.15251533460297,
        "eta": 0.016562362650456235,
        "D0": 0.00898574036186953
    },
    "Moderate (gamma0=1.0)": {
        "gamma0": 1.0,
        "q": 1.7816262331827557,
        "eta": 0.32650065508133447,
        "D0": 0.10018228788621111
    },
    "Weak (gamma0=0.2)": {
        "gamma0": 0.2,
        "q": 1.364758163321751,
        "eta": 0.6074333100631195,
        "D0": 0.17098916916846188
    }
}