{
  "initialization_time_planning": 0.1354231834411621,
  "execution_time_planning": 133.46621227264404,
  "total_time": 133.6016354560852
}