{
  "initialization_time_planning": 0.11445856094360352,
  "execution_time_planning": 93.08713674545288,
  "total_time": 93.20159530639648
}